<?xml version="1.0" encoding="UTF-8"?>
<configurationDescriptor version="100">
  <logicalFolder name="root" displayName="root" projectFiles="true" kind="ROOT">
    <logicalFolder name="HeaderFiles"
                   displayName="Header Files"
                   projectFiles="true">
      <itemPath>AVL.h</itemPath>
      <itemPath>Cliente.h</itemPath>
      <itemPath>EcoCityMoto.h</itemPath>
      <itemPath>Itinerario.h</itemPath>
      <itemPath>ListaDEnlazada.h</itemPath>
      <itemPath>Moto.h</itemPath>
      <itemPath>UTM.h</itemPath>
      <itemPath>fecha.h</itemPath>
      <itemPath>random.h</itemPath>
      <itemPath>vectordinamico.h</itemPath>
    </logicalFolder>
    <logicalFolder name="ResourceFiles"
                   displayName="Resource Files"
                   projectFiles="true">
    </logicalFolder>
    <logicalFolder name="SourceFiles"
                   displayName="Source Files"
                   projectFiles="true">
      <itemPath>Cliente.cpp</itemPath>
      <itemPath>EcoCityMoto.cpp</itemPath>
      <itemPath>Itinerario.cpp</itemPath>
      <itemPath>Moto.cpp</itemPath>
      <itemPath>fecha.cpp</itemPath>
      <itemPath>main.cpp</itemPath>
    </logicalFolder>
    <logicalFolder name="TestFiles"
                   displayName="Test Files"
                   projectFiles="false"
                   kind="TEST_LOGICAL_FOLDER">
    </logicalFolder>
    <logicalFolder name="ExternalFiles"
                   displayName="Important Files"
                   projectFiles="false"
                   kind="IMPORTANT_FILES_FOLDER">
      <itemPath>Makefile</itemPath>
    </logicalFolder>
  </logicalFolder>
  <projectmakefile>Makefile</projectmakefile>
  <confs>
    <conf name="Debug" type="1">
      <toolsSet>
        <compilerSet>default</compilerSet>
        <dependencyChecking>true</dependencyChecking>
        <rebuildPropChanged>false</rebuildPropChanged>
      </toolsSet>
      <compileType>
      </compileType>
      <item path="AVL.h" ex="false" tool="3" flavor2="0">
      </item>
      <item path="Cliente.cpp" ex="false" tool="1" flavor2="0">
      </item>
      <item path="Cliente.h" ex="false" tool="3" flavor2="0">
      </item>
      <item path="EcoCityMoto.cpp" ex="false" tool="1" flavor2="0">
      </item>
      <item path="EcoCityMoto.h" ex="false" tool="3" flavor2="0">
      </item>
      <item path="Itinerario.cpp" ex="false" tool="1" flavor2="0">
      </item>
      <item path="Itinerario.h" ex="false" tool="3" flavor2="0">
      </item>
      <item path="ListaDEnlazada.h" ex="false" tool="3" flavor2="0">
      </item>
      <item path="Moto.cpp" ex="false" tool="1" flavor2="0">
      </item>
      <item path="Moto.h" ex="false" tool="3" flavor2="0">
      </item>
      <item path="UTM.h" ex="false" tool="3" flavor2="0">
      </item>
      <item path="fecha.cpp" ex="false" tool="1" flavor2="0">
      </item>
      <item path="fecha.h" ex="false" tool="3" flavor2="0">
      </item>
      <item path="main.cpp" ex="false" tool="1" flavor2="0">
      </item>
      <item path="random.h" ex="false" tool="3" flavor2="0">
      </item>
      <item path="vectordinamico.h" ex="false" tool="3" flavor2="0">
      </item>
    </conf>
    <conf name="Release" type="1">
      <toolsSet>
        <compilerSet>default</compilerSet>
        <dependencyChecking>true</dependencyChecking>
        <rebuildPropChanged>false</rebuildPropChanged>
      </toolsSet>
      <compileType>
        <cTool>
          <developmentMode>5</developmentMode>
        </cTool>
        <ccTool>
          <developmentMode>5</developmentMode>
        </ccTool>
        <fortranCompilerTool>
          <developmentMode>5</developmentMode>
        </fortranCompilerTool>
        <asmTool>
          <developmentMode>5</developmentMode>
        </asmTool>
      </compileType>
      <item path="AVL.h" ex="false" tool="3" flavor2="0">
      </item>
      <item path="Cliente.cpp" ex="false" tool="1" flavor2="0">
      </item>
      <item path="Cliente.h" ex="false" tool="3" flavor2="0">
      </item>
      <item path="EcoCityMoto.cpp" ex="false" tool="1" flavor2="0">
      </item>
      <item path="EcoCityMoto.h" ex="false" tool="3" flavor2="0">
      </item>
      <item path="Itinerario.cpp" ex="false" tool="1" flavor2="0">
      </item>
      <item path="Itinerario.h" ex="false" tool="3" flavor2="0">
      </item>
      <item path="ListaDEnlazada.h" ex="false" tool="3" flavor2="0">
      </item>
      <item path="Moto.cpp" ex="false" tool="1" flavor2="0">
      </item>
      <item path="Moto.h" ex="false" tool="3" flavor2="0">
      </item>
      <item path="UTM.h" ex="false" tool="3" flavor2="0">
      </item>
      <item path="fecha.cpp" ex="false" tool="1" flavor2="0">
      </item>
      <item path="fecha.h" ex="false" tool="3" flavor2="0">
      </item>
      <item path="main.cpp" ex="false" tool="1" flavor2="0">
      </item>
      <item path="random.h" ex="false" tool="3" flavor2="0">
      </item>
      <item path="vectordinamico.h" ex="false" tool="3" flavor2="0">
      </item>
    </conf>
  </confs>
</configurationDescriptor>
