<?xml version="1.0" encoding="UTF-8"?>
<project-private xmlns="http://www.netbeans.org/ns/project-private/1">
    <data xmlns="http://www.netbeans.org/ns/make-project-private/1">
        <activeConfTypeElem>1</activeConfTypeElem>
        <activeConfIndexElem>0</activeConfIndexElem>
    </data>
    <editor-bookmarks xmlns="http://www.netbeans.org/ns/editor-bookmarks/2" lastBookmarkId="0"/>
    <open-files xmlns="http://www.netbeans.org/ns/projectui-open-files/2">
        <group>
            <file>file:/C:/Users/Fernando/Desktop/Arbol_AVL_EEDD/fecha.cpp</file>
            <file>file:/C:/Users/Fernando/Desktop/Arbol_AVL_EEDD/EcoCityMoto.h</file>
            <file>file:/C:/Users/Fernando/Desktop/Arbol_AVL_EEDD/main.cpp</file>
            <file>file:/C:/Users/Fernando/Desktop/Arbol_AVL_EEDD/Cliente.cpp</file>
            <file>file:/C:/Users/Fernando/Desktop/Arbol_AVL_EEDD/Itinerario.h</file>
            <file>file:/C:/Users/Fernando/Desktop/Arbol_AVL_EEDD/Moto.h</file>
            <file>file:/C:/Users/Fernando/Desktop/Arbol_AVL_EEDD/ListaDEnlazada.h</file>
            <file>file:/C:/Users/Fernando/Desktop/Arbol_AVL_EEDD/AVL.h</file>
            <file>file:/C:/Users/Fernando/Desktop/Arbol_AVL_EEDD/Itinerario.cpp</file>
            <file>file:/C:/Users/Fernando/Desktop/Arbol_AVL_EEDD/Moto.cpp</file>
            <file>file:/C:/Users/Fernando/Desktop/Arbol_AVL_EEDD/EcoCityMoto.cpp</file>
            <file>file:/C:/Users/Fernando/Desktop/Arbol_AVL_EEDD/random.h</file>
            <file>file:/C:/Users/Fernando/Desktop/Arbol_AVL_EEDD/fecha.h</file>
            <file>file:/C:/Users/Fernando/Desktop/Arbol_AVL_EEDD/vectordinamico.h</file>
            <file>file:/C:/Users/Fernando/Desktop/Arbol_AVL_EEDD/UTM.h</file>
            <file>file:/C:/Users/Fernando/Desktop/Arbol_AVL_EEDD/Cliente.h</file>
        </group>
    </open-files>
</project-private>
